Modelo,Train_Accuracy,Test_Accuracy,Train_Precision,Test_Precision,Train_Recall,Test_Recall,Train_F1,Test_F1,Train_ROC_AUC,Test_ROC_AUC,Overfit_Gap
Logistic Regression,0.9753086419753086,0.75,0.9786008230452675,0.7959401709401709,0.9753086419753086,0.75,0.9760005426672093,0.7681818181818182,0.9937908496732026,0.7736772486772486,0.220113600995954
Decision Tree,0.9135802469135802,0.5833333333333334,0.9474219317356571,0.7090909090909092,0.9135802469135802,0.5833333333333334,0.9223891828336273,0.6311274509803922,0.9836270373128154,0.5753306878306879,0.40829634948212756
Random Forest,0.9876543209876543,0.8333333333333334,0.9885361552028219,0.7946127946127945,0.9876543209876543,0.8333333333333334,0.9878358237608071,0.8016726403823178,0.9976276930525295,0.7828042328042328,0.21482346024829668
Gradient Boosting,1.0,0.8888888888888888,1.0,0.8745791245791246,1.0,0.8888888888888888,1.0,0.8646953405017921,1.0,0.815873015873016,0.18412698412698403
