Modelo,Train_Accuracy,Test_Accuracy,Train_Precision,Test_Precision,Train_Recall,Test_Recall,Train_F1,Test_F1,Train_ROC_AUC,Test_ROC_AUC,Overfit_Gap
Logistic Regression,0.8148148148148148,0.3055555555555556,0.8296138018360242,0.35370370370370374,0.8148148148148148,0.3055555555555556,0.8152658128240814,0.3212653647436256,0.9389770723104055,0.4118191721132897,0.5271579001971158
Decision Tree,0.5679012345679012,0.25,0.7680720469945052,0.41809116809116814,0.5679012345679012,0.25,0.5786916608172646,0.2962962962962963,0.7970566778900111,0.4313398692810457,0.36571680860896544
Random Forest,0.8765432098765432,0.4166666666666667,0.8949317738791422,0.3770833333333333,0.8765432098765432,0.4166666666666667,0.8770420251901734,0.3952380952380952,0.9425645342312009,0.41104575163398693,0.531518782597214
Gradient Boosting,1.0,0.4722222222222222,1.0,0.4129273504273504,1.0,0.4722222222222222,1.0,0.4366679109120319,1.0,0.5366230936819173,0.4633769063180827
